{
    "MAE": 1185.5255771421987,
    "MSE": 2944502.535693973,
    "RMSE": 1715.9552837104973,
    "R2_Score": 0.8385758698625365,
    "MAPE": 0.13861947442884398
}