{
    "MAE": 1242.5538333472336,
    "MSE": 3822919.940338919,
    "RMSE": 1955.2288716001815,
    "R2_Score": 0.807486509460756,
    "MAPE": 0.1396527589977752
}