{
    "MAE": 1269.7657660895215,
    "MSE": 3707649.471417639,
    "RMSE": 1925.5257649321754,
    "R2_Score": 0.8151734472241228,
    "MAPE": 0.1397471552191272
}