{
    "MAE": 1273.6324144102102,
    "MSE": 3556171.060390795,
    "RMSE": 1885.7812864674406,
    "R2_Score": 0.8188054642619371,
    "MAPE": 0.14353153852116277
}