{
    "MAE": 1212.4038741889854,
    "MSE": 2934499.0362762287,
    "RMSE": 1713.0379552935274,
    "R2_Score": 0.8384379046659368,
    "MAPE": 0.14038074797196928
}