{
    "MAE": 1226.3347687591408,
    "MSE": 3364954.1555350833,
    "RMSE": 1834.3811369328575,
    "R2_Score": 0.8236623715389769,
    "MAPE": 0.13816703281453843
}